<?xml version="1.0" encoding="UTF-8"?>
<project-private xmlns="http://www.netbeans.org/ns/project-private/1">
    <editor-bookmarks xmlns="http://www.netbeans.org/ns/editor-bookmarks/2" lastBookmarkId="0"/>
    <open-files xmlns="http://www.netbeans.org/ns/projectui-open-files/2">
        <group>
            <file>file:/C:/Users/imadi/Desktop/resumebuilder/ResumeBuilder/src/resumebuilder/project.java</file>
            <file>file:/C:/Users/imadi/Desktop/resumebuilder/ResumeBuilder/src/resumebuilder/education.java</file>
            <file>file:/C:/Users/imadi/Desktop/resumebuilder/ResumeBuilder/src/resumebuilder/personalInformation.java</file>
            <file>file:/C:/Users/imadi/Desktop/resumebuilder/ResumeBuilder/src/resumebuilder/registerPage.java</file>
            <file>file:/C:/Users/imadi/Desktop/resumebuilder/ResumeBuilder/src/resumebuilder/resume.java</file>
            <file>file:/C:/Users/imadi/Desktop/resumebuilder/ResumeBuilder/src/resumebuilder/dashboard.java</file>
            <file>file:/C:/Users/imadi/Desktop/resumebuilder/ResumeBuilder/src/resumebuilder/experience.java</file>
            <file>file:/C:/Users/imadi/Desktop/resumebuilder/ResumeBuilder/src/resumebuilder/about.java</file>
            <file>file:/C:/Users/imadi/Desktop/resumebuilder/ResumeBuilder/src/resumebuilder/workvolunteer.java</file>
            <file>file:/C:/Users/imadi/Desktop/resumebuilder/ResumeBuilder/src/resumebuilder/download.jpeg</file>
            <file>file:/C:/Users/imadi/Desktop/resumebuilder/ResumeBuilder/src/resumebuilder/skills.java</file>
            <file>file:/C:/Users/imadi/Desktop/resumebuilder/ResumeBuilder/src/resumebuilder/cert.java</file>
            <file>file:/C:/Users/imadi/Desktop/resumebuilder/ResumeBuilder/src/resumebuilder/loginPage.java</file>
            <file>file:/C:/Users/imadi/Desktop/resumebuilder/ResumeBuilder/src/resumebuilder/ResumeBuilder.java</file>
            <file>file:/C:/Users/imadi/Desktop/resumebuilder/ResumeBuilder/src/resumebuilder/294_803484_hero(1).jpg</file>
        </group>
    </open-files>
</project-private>
